﻿<parameters>
  <parameter name="IIS Web Application Name" defaultValue="Default Web Site/" tags="IisApp">
    <parameterEntry kind="ProviderPath" scope="IisApp" match="^C:\\Users\\lnguyen\\Desktop\\Lab\\PIW_SPApp\\PIW_SPAppWeb\\obj\\Debug\\Package\\PackageTmp$" />
    <parameterEntry kind="ProviderPath" scope="setAcl" match="^C:\\Users\\lnguyen\\Desktop\\Lab\\PIW_SPApp\\PIW_SPAppWeb\\obj\\Debug\\Package\\PackageTmp$" />
  </parameter>
  <parameter name="ClientId" description="Value for ClientId here." defaultValue="fa894505-c3c7-4195-b173-71e90aa289d2" tags="applicationSettings">
    <parameterEntry kind="XmlFile" scope="web.config$" match="/configuration/appSettings/add[@key='ClientId']/@value" />
  </parameter>
  <parameter name="ClientSigningCertificatePath" description="Value for ClientSigningCertificatePath here." defaultValue="E:\Certs\S2S\S2SDevRev2.pfx" tags="applicationSettings">
    <parameterEntry kind="XmlFile" scope="web.config$" match="/configuration/appSettings/add[@key='ClientSigningCertificatePath']/@value" />
  </parameter>
  <parameter name="ClientSigningCertificatePassword" description="Value for ClientSigningCertificatePassword here." defaultValue="Sharepoint03" tags="applicationSettings">
    <parameterEntry kind="XmlFile" scope="web.config$" match="/configuration/appSettings/add[@key='ClientSigningCertificatePassword']/@value" />
  </parameter>
  <parameter name="IssuerId" description="Value for IssuerId here." defaultValue="e6fe8243-740f-40e5-bd88-93385473ca01" tags="applicationSettings">
    <parameterEntry kind="XmlFile" scope="web.config$" match="/configuration/appSettings/add[@key='IssuerId']/@value" />
  </parameter>
</parameters>